{"cameraMode":{"drawMode":0,"name":"Shaded","section":"Shading Mode"},"sceneLighting":false,"audioPlay":false,"sceneViewState":{"m_AlwaysRefresh":false,"showFog":true,"showSkybox":false,"showFlares":true,"showImageEffects":true,"showParticleSystems":true,"showVisualEffectGraphs":true,"m_FxEnabled":true},"in2DMode":false,"pivot":{"x":2.0494837760925295,"y":19.96493911743164,"z":33.99685287475586},"rotation":{"x":0.0039959317073225979,"y":0.9703015089035034,"z":0.016008131206035615,"w":-0.24145075678825379},"size":50.002601623535159,"orthographic":false}