{"cameraMode":{"drawMode":0,"name":"Shaded","section":"Shading Mode"},"sceneLighting":true,"audioPlay":false,"sceneViewState":{"m_AlwaysRefresh":false,"showFog":true,"showSkybox":true,"showFlares":true,"showImageEffects":true,"showParticleSystems":true,"showVisualEffectGraphs":true,"m_FxEnabled":true},"in2DMode":false,"pivot":{"x":266.1783142089844,"y":321.573974609375,"z":12.550936698913575},"rotation":{"x":-0.017999358475208284,"y":0.0069097052328288559,"z":-0.0001407275121891871,"w":-0.9998581409454346},"size":103.07765197753906,"orthographic":false}