{"cameraMode":{"drawMode":0,"name":"Shaded","section":"Shading Mode"},"sceneLighting":false,"audioPlay":false,"sceneViewState":{"m_AlwaysRefresh":false,"showFog":true,"showSkybox":false,"showFlares":true,"showImageEffects":true,"showParticleSystems":true,"showVisualEffectGraphs":true,"m_FxEnabled":true},"in2DMode":false,"pivot":{"x":2.7101480960845949,"y":0.8128190636634827,"z":2.5760016441345217},"rotation":{"x":-0.014286095276474953,"y":0.3023967444896698,"z":-0.004574745427817106,"w":-0.9531174898147583},"size":0.47927114367485049,"orthographic":false}